SET search_path TO user_orders;

BEGIN WORK;

-- Users
INSERT INTO USERS VALUES('US000000', 'James' ,'685473761', 'james@gmail.com', 'London', 20);
INSERT INTO USERS VALUES('US000001', 'John' ,'685473762', 'john@gmail.com', 'Manchester', 20);
INSERT INTO USERS VALUES('US000002', 'Julia' ,'685473763', 'julia@gmail.com', 'Barcelona', 20);
INSERT INTO USERS VALUES('US000003', 'Arthur' ,'685473764', 'arthur@gmail.com', 'Madrid', 20);
INSERT INTO USERS VALUES('US000004', 'Jonathan' ,'685473765', 'jonathan@gmail.com', 'Paris', 20);
INSERT INTO USERS VALUES('US000005', 'David' ,'685473766', 'david@gmail.com', 'Lyon', 20);
INSERT INTO USERS VALUES('US000006', 'Jackson' ,'685473767', 'jackson@gmail.com', 'Roma', 20);

-- Orders
INSERT INTO ORDERS VALUES('ORD000000', 'US000000' ,'2025-10-01', 'standard', 'delivered');
INSERT INTO ORDERS VALUES('ORD000001', 'US000001' ,'2025-01-01', 'express', 'delivered');
INSERT INTO ORDERS VALUES('ORD000002', 'US000001' ,'2025-11-02', 'urgent', 'shipped');
INSERT INTO ORDERS VALUES('ORD000003', 'US000003' ,'2025-10-11', 'standard', 'delivered');
INSERT INTO ORDERS VALUES('ORD000004', 'US000005' ,'2025-03-30', 'standard', 'delivered');
INSERT INTO ORDERS VALUES('ORD000005', 'US000006' ,'2025-05-01', 'urgent', 'delivered');
INSERT INTO ORDERS VALUES('ORD000006', 'US000006' ,'2026-02-01', 'standard', 'pending');

-- Products
INSERT INTO PRODUCTS VALUES('PROD000000' ,'Shampoo', 'To clean yourself');
INSERT INTO PRODUCTS VALUES('PROD000001' ,'Brush', 'To brush your teeth');
INSERT INTO PRODUCTS VALUES('PROD000002' ,'Water', 'To drink');
INSERT INTO PRODUCTS VALUES('PROD000003','TV', 'Full screen');
INSERT INTO PRODUCTS VALUES('PROD000004' ,'Bottle', 'Metalic bottle');
INSERT INTO PRODUCTS VALUES('PROD000005' ,'Phone', 'Iphone 17');
INSERT INTO PRODUCTS VALUES('PROD000006' ,'Pen', 'Blue pen');

-- Orders_products

INSERT INTO ORDER_PRODUCT VALUES('ORD000000', 'PROD000000', 4);
INSERT INTO ORDER_PRODUCT VALUES('ORD000000', 'PROD000001', 2);
INSERT INTO ORDER_PRODUCT VALUES('ORD000001', 'PROD000002', 4);
INSERT INTO ORDER_PRODUCT VALUES('ORD000002', 'PROD000003', 4);
INSERT INTO ORDER_PRODUCT VALUES('ORD000002', 'PROD000004', 4);
INSERT INTO ORDER_PRODUCT VALUES('ORD000003', 'PROD000005', 4);
INSERT INTO ORDER_PRODUCT VALUES('ORD000004', 'PROD000006', 4);
INSERT INTO ORDER_PRODUCT VALUES('ORD000005', 'PROD000001', 4);
INSERT INTO ORDER_PRODUCT VALUES('ORD000006', 'PROD000002', 4);
INSERT INTO ORDER_PRODUCT VALUES('ORD000006', 'PROD000003', 4);
INSERT INTO ORDER_PRODUCT VALUES('ORD000006', 'PROD000004', 4);


COMMIT WORK;
